abstract,output
 رئیس سازمان برنامه و بودجه گفت: هر زمان شرایط و فضای اقتصادی کشور مساعد باشد، می‌توان به تدریج حذف ارز ترجیحی را عملیاتی کرد و در حال حاضر برای حذف ارز ۴۲۰۰ تومانی زمان و تاریخ مشخصی را نمی‌توان تعیین کرد. ,"[[('[CLS]', 'O'), ('ريیس', 'O'), ('سازمان', 'B-organization'), ('برنامه', 'I-organization'), ('و', 'I-organization'), ('بودجه', 'I-organization'), ('گفت', 'O'), (':', 'O'), ('هر', 'O'), ('زمان', 'O'), ('شرایط', 'O'), ('و', 'O'), ('فضای', 'O'), ('اقتصادی', 'O'), ('کشور', 'O'), ('مساعد', 'O'), ('باشد', 'O'), ('،', 'O'), ('میتوان', 'O'), ('به', 'O'), ('تدریج', 'O'), ('حذف', 'O'), ('ارز', 'O'), ('ترجیحی', 'O'), ('را', 'O'), ('عملیاتی', 'O'), ('کرد', 'O'), ('و', 'O'), ('در', 'O'), ('حال', 'O'), ('حاضر', 'O'), ('برای', 'O'), ('حذف', 'O'), ('ارز', 'O'), ('۴۲۰۰', 'B-money'), ('تومانی', 'I-money'), ('زمان', 'O'), ('و', 'O'), ('تاریخ', 'O'), ('مشخصی', 'O'), ('را', 'O'), ('نمیتوان', 'O'), ('تعیین', 'O'), ('کرد', 'O'), ('.', 'O'), ('[SEP]', 'O')]]"
 نماینده نیشابور در مجلس از ارائه طرح ۲ فوریتی شفافیت قوای سه‌گانه دستگاه‌های اجرایی و نهادهای عمومی غیردولتی با بیش از ۲۰۰ امضا به هیئت رئیسه مجلس خبر داد. ,"[[('[CLS]', 'O'), ('نماینده', 'O'), ('نیشابور', 'B-location'), ('در', 'O'), ('مجلس', 'O'), ('از', 'O'), ('ارايه', 'O'), ('طرح', 'O'), ('۲', 'O'), ('فوریتی', 'O'), ('شفافیت', 'O'), ('قوای', 'O'), ('سهگانه', 'O'), ('دستگاههای', 'O'), ('اجرایی', 'O'), ('و', 'O'), ('نهادهای', 'O'), ('عمومی', 'O'), ('غیردولتی', 'O'), ('با', 'O'), ('بیش', 'O'), ('از', 'O'), ('۲۰۰', 'O'), ('امضا', 'O'), ('به', 'O'), ('هیيت', 'O'), ('ريیسه', 'O'), ('مجلس', 'O'), ('خبر', 'O'), ('داد', 'O'), ('.', 'O')]]"
 رئیس جمهور کشورمان طی پیامی انتخاب نخست وزیر جدید پاکستان را تبریک گفت. ,"[[('[CLS]', 'O'), ('ريیس', 'O'), ('جمهور', 'O'), ('کشورمان', 'O'), ('طی', 'O'), ('پیامی', 'O'), ('انتخاب', 'O'), ('نخست', 'O'), ('وزیر', 'B-organization'), ('جدید', 'O'), ('پاکستان', 'O'), ('را', 'O'), ('تبریک', 'O'), ('گفت', 'O')]]"
 اساسنامه شرکت شهر فرودگاهی امام خمینی(ره) در جلسه هیئت وزیران اصلاح شد. ,"[[('[CLS]', 'O'), ('اساسنامه', 'O'), ('شرکت', 'B-organization'), ('شهر', 'I-organization'), ('فرودگاهی', 'I-organization'), ('امام', 'I-organization'), ('خمینی', 'I-organization'), ('(', 'I-organization'), ('ره', 'O'), (')', 'I-organization'), ('در', 'O'), ('جلسه', 'O'), ('هیيت', 'O'), ('وزیران', 'O'), ('اصلاح', 'O'), ('شد', 'O'), ('.', 'O')]]"
 نماینده مردم تهران گفت: در شرایطی که طرح شفافیت آرای نمایندگان معطل در دستور کار قرار گرفتن است، ارائه طرحی کلی و مبهم برای شفافیت، به نوعی فرار از مطالبه به‌حق مردم است. ,"[[('[CLS]', 'O'), ('نماینده', 'O'), ('مردم', 'O'), ('تهران', 'B-location'), ('گفت', 'O'), (':', 'O'), ('در', 'O'), ('شرایطی', 'O'), ('که', 'O'), ('طرح', 'O'), ('شفافیت', 'O'), ('ارای', 'O'), ('نمایندگان', 'O'), ('معطل', 'O'), ('در', 'O'), ('دستور', 'O'), ('کار', 'O'), ('قرار', 'O'), ('گرفتن', 'O'), ('است', 'O'), ('،', 'O'), ('ارايه', 'O'), ('طرحی', 'O'), ('کلی', 'O'), ('و', 'O'), ('مبهم', 'O'), ('برای', 'O'), ('شفافیت', 'O'), ('،', 'O'), ('به', 'O'), ('نوعی', 'O'), ('فرار', 'O'), ('از', 'O'), ('مطالبه', 'O'), ('بهحق', 'O'), ('مردم', 'O'), ('است', 'O'), ('.', 'O'), ('[SEP]', 'O')]]"
 عضو کمیسیون شوراهای مجلس تفاوت‌های طرح جدید شفافیت آرای نمایندگان را تشریح کرد. ,"[[('[CLS]', 'O'), ('عضو', 'O'), ('کمیسیون', 'B-organization'), ('شوراهای', 'I-organization'), ('مجلس', 'I-organization'), ('تفاوتهای', 'O'), ('طرح', 'O'), ('جدید', 'O'), ('شفافیت', 'O'), ('ارای', 'O'), ('نمایندگان', 'O'), ('را', 'O'), ('تشریح', 'O'), ('کرد', 'O'), ('.', 'O'), ('[SEP]', 'O')]]"
 رئیس‌جمهور استمرار رعایت کامل شیوه‌نامه‌های بهداشتی را مورد تاکید قرار داد و گفت: گذشت زمان و کاهش شدت بیماری کرونا نباید موجب عادی‌انگاری و سستی در رعایت دستورالعمل‌های بهداشتی شود. ,"[[('[CLS]', 'O'), ('ريیسجمهور', 'O'), ('استمرار', 'O'), ('رعایت', 'O'), ('کامل', 'O'), ('شیوهنامه', 'O'), ('##های', 'O'), ('بهداشتی', 'O'), ('را', 'O'), ('مورد', 'O'), ('تاکید', 'O'), ('قرار', 'O'), ('داد', 'O'), ('و', 'O'), ('گفت', 'O'), (':', 'O'), ('گذشت', 'O'), ('زمان', 'O'), ('و', 'O'), ('کاهش', 'O'), ('شدت', 'O'), ('بیماری', 'O'), ('کرونا', 'O'), ('نباید', 'O'), ('موجب', 'O'), ('عادی', 'O'), ('##انگاری', 'O'), ('و', 'O'), ('سستی', 'O'), ('در', 'O'), ('رعایت', 'O'), ('دستورالعملهای', 'O'), ('بهداشتی', 'O'), ('شود', 'O'), ('.', 'O'), ('[SEP]', 'O')]]"
 نایب رئیس کمیسیون عمران مجلس از راه‌اندزی سامانه‌ای برای نمایش پیشرفت قانون جهش تولید مسکن از سوی وزارت راه و شهرسازی خبر داد. ,"[[('[CLS]', 'O'), ('نایب', 'O'), ('ريیس', 'B-organization'), ('کمیسیون', 'I-organization'), ('عمران', 'I-organization'), ('مجلس', 'O'), ('از', 'O'), ('راهاند', 'O'), ('##زی', 'O'), ('سامانهای', 'O'), ('برای', 'O'), ('نمایش', 'O'), ('پیشرفت', 'O'), ('قانون', 'O'), ('جهش', 'O'), ('تولید', 'O'), ('مسکن', 'O'), ('از', 'O'), ('سوی', 'B-organization'), ('وزارت', 'I-organization'), ('راه', 'I-organization'), ('و', 'I-organization'), ('شهرسازی', 'O'), ('خبر', 'O'), ('داد', 'O'), ('.', 'O')]]"
 عضو شورای مرکزی حزب اعتماد ملی گفت: موضوع استعفای حضرتی در جلسه شورای مرکزی حزب مطرح شد و تقریباً همه اعضا مخالف این استعفا بودند و طی استمزاجی که صورت گرفت، استعفای آقای حضرتی در شورای مرکزی هم رأی نخواهد آورد. ,"[[('[CLS]', 'O'), ('عضو', 'O'), ('شورای', 'B-organization'), ('مرکزی', 'I-organization'), ('حزب', 'I-organization'), ('اعتماد', 'I-organization'), ('ملی', 'I-organization'), ('گفت', 'O'), (':', 'O'), ('موضوع', 'O'), ('استعفای', 'O'), ('حضرتی', 'B-person'), ('در', 'O'), ('جلسه', 'O'), ('شورای', 'O'), ('مرکزی', 'O'), ('حزب', 'O'), ('مطرح', 'O'), ('شد', 'O'), ('و', 'O'), ('تقریبا', 'O'), ('همه', 'O'), ('اعضا', 'O'), ('مخالف', 'O'), ('این', 'O'), ('استعفا', 'O'), ('بودند', 'O'), ('و', 'O'), ('طی', 'O'), ('استم', 'O'), ('##زاج', 'O'), ('##ی', 'O'), ('که', 'O'), ('صورت', 'O'), ('گرفت', 'O'), ('،', 'O'), ('استعفای', 'O'), ('اقای', 'O'), ('حضرتی', 'B-person'), ('در', 'O'), ('شورای', 'O'), ('مرکزی', 'O'), ('هم', 'O'), ('رای', 'O'), ('نخواهد', 'O'), ('اورد', 'O'), ('.', 'O'), ('[SEP]', 'O')]]"
 نایب رئیس کمیسیون برنامه و بودجه مجلس گفت: اگر دولت در قالب لایحه‌ای، درخواست کند که اجرای لایحه ۵ ساله ششم توسعه تمدید شود، می‌توان اجرای آن را به مدت یک سال تمدید کرد. ,"[[('[CLS]', 'O'), ('نایب', 'O'), ('ريیس', 'B-organization'), ('کمیسیون', 'I-organization'), ('برنامه', 'I-organization'), ('و', 'I-organization'), ('بودجه', 'I-organization'), ('مجلس', 'O'), ('گفت', 'O'), (':', 'O'), ('اگر', 'O'), ('دولت', 'O'), ('در', 'O'), ('قالب', 'O'), ('لایحهای', 'O'), ('،', 'O'), ('درخواست', 'O'), ('کند', 'O'), ('که', 'O'), ('اجرای', 'O'), ('لایحه', 'O'), ('۵', 'O'), ('ساله', 'O'), ('ششم', 'O'), ('توسعه', 'O'), ('تمدید', 'O'), ('شود', 'O'), ('،', 'O'), ('میتوان', 'O'), ('اجرای', 'O'), ('ان', 'O'), ('را', 'O'), ('به', 'O'), ('مدت', 'O'), ('یک', 'O'), ('سال', 'O'), ('تمدید', 'O'), ('کرد', 'O'), ('.', 'O')]]"
 نمایندگان مجلس موادی از طرح اصلاح قانون تشکیلات وآیین دادرسی دیوان عدالت اداری را مصوب کردند. ,"[[('[CLS]', 'O'), ('نمایندگان', 'O'), ('مجلس', 'O'), ('موادی', 'O'), ('از', 'O'), ('طرح', 'O'), ('اصلاح', 'O'), ('قانون', 'O'), ('تشکیلات', 'O'), ('وای', 'O'), ('##ین', 'O'), ('دادرسی', 'O'), ('دیوان', 'B-organization'), ('عدالت', 'I-organization'), ('اداری', 'I-organization'), ('را', 'O'), ('مصوب', 'O'), ('کردند', 'O'), ('.', 'O'), ('[SEP]', 'O')]]"
 معاون اول رئیس جمهور دستور داد تا شورای‌عالی مناطق آزاد تجاری ـ صنعتی، مشکلات زیرساختی و اقامتی جزایر ایرانی از جمله کیش که پذیرای گردشگران خارجی در دوران برگزاری جام جهانی هستند را هر چه سریع‌تر برطرف کند. ,"[[('[CLS]', 'O'), ('معاون', 'O'), ('اول', 'O'), ('ريیس', 'O'), ('جمهور', 'O'), ('دستور', 'O'), ('داد', 'O'), ('تا', 'B-organization'), ('شورایعالی', 'I-organization'), ('مناطق', 'I-organization'), ('ازاد', 'I-organization'), ('تجاری', 'I-organization'), ('[UNK]', 'O'), ('صنعتی', 'O'), ('،', 'O'), ('مشکلات', 'O'), ('زیرساختی', 'O'), ('و', 'O'), ('اقامتی', 'O'), ('جزایر', 'O'), ('ایرانی', 'O'), ('از', 'B-location'), ('جمله', 'O'), ('کیش', 'O'), ('که', 'O'), ('پذیرای', 'O'), ('گردشگران', 'O'), ('خارجی', 'O'), ('در', 'O'), ('دوران', 'O'), ('برگزاری', 'O'), ('جام', 'O'), ('جهانی', 'O'), ('هستند', 'O'), ('را', 'O'), ('هر', 'O'), ('چه', 'O'), ('سریعتر', 'O'), ('برطرف', 'O'), ('کند', 'O')]]"
 نایب رئیس کمیسیون اصل نود مجلس از جلسه فوق‌العاده این کمیسیون برای بررسی وضعیت پروژه‌های فاقد مجوز زیست محیطی خبر داد. ,"[[('[CLS]', 'O'), ('نایب', 'O'), ('ريیس', 'B-organization'), ('کمیسیون', 'I-organization'), ('اصل', 'I-organization'), ('نود', 'I-organization'), ('مجلس', 'O'), ('از', 'O'), ('جلسه', 'O'), ('فوقالعاده', 'O'), ('این', 'O'), ('کمیسیون', 'O'), ('برای', 'O'), ('بررسی', 'O'), ('وضعیت', 'O'), ('پروژههای', 'O'), ('فاقد', 'O'), ('مجوز', 'O'), ('زیست', 'O'), ('محیطی', 'O'), ('خبر', 'O'), ('داد', 'O')]]"
 رئیس نهاد نمایندگی مقام معظم رهبری در دانشگاههای کشور از حضور رئیس جمهور در خوابگاه دانشجویان قدردانی کرد. ,"[[('[CLS]', 'O'), ('ريیس', 'O'), ('نهاد', 'B-organization'), ('نمایندگی', 'I-organization'), ('مقام', 'I-organization'), ('معظم', 'I-organization'), ('رهبری', 'I-organization'), ('در', 'I-organization'), ('دانشگاههای', 'I-organization'), ('کشور', 'I-organization'), ('از', 'O'), ('حضور', 'O'), ('ريیس', 'O'), ('جمهور', 'O'), ('در', 'O'), ('خوابگاه', 'O'), ('دانشجویان', 'O'), ('قدردانی', 'O'), ('کرد', 'O'), ('.', 'O')]]"
 نمایندگان مردم در مجلس مقرر کردند تا سازمان ثبت اسناد و املاک کشور متولی به روز رسانی پایگاه اطلاعات مکان اقامت اشخاص حقوقی شود. ,"[[('[CLS]', 'O'), ('نمایندگان', 'O'), ('مردم', 'O'), ('در', 'O'), ('مجلس', 'O'), ('مقرر', 'O'), ('کردند', 'O'), ('تا', 'O'), ('سازمان', 'B-organization'), ('ثبت', 'I-organization'), ('اسناد', 'I-organization'), ('و', 'I-organization'), ('املاک', 'I-organization'), ('کشور', 'I-organization'), ('متولی', 'O'), ('به', 'O'), ('روز', 'O'), ('رسانی', 'O'), ('پایگاه', 'O'), ('اطلاعات', 'O'), ('مکان', 'O'), ('اقامت', 'O'), ('اشخاص', 'O'), ('حقوقی', 'O'), ('شود', 'O'), ('.', 'O')]]"
 نماینده ایذه در مجلس با بیان اینکه محدود کردن مجلس در قانونگذاری کار شایسته‌ای نیست، گفت: حذف مجوز واردات خودرو از قانون بودجه ۱۴۰۱ سوال برانگیز است، رئیس کمیسیون تلفیق باید شفاف سازی کند. ,"[[('[CLS]', 'O'), ('نماینده', 'O'), ('ایذه', 'B-location'), ('در', 'O'), ('مجلس', 'O'), ('با', 'O'), ('بیان', 'O'), ('اینکه', 'O'), ('محدود', 'O'), ('کردن', 'O'), ('مجلس', 'O'), ('در', 'O'), ('قانونگذاری', 'O'), ('کار', 'O'), ('شایستهای', 'O'), ('نیست', 'O'), ('،', 'O'), ('گفت', 'O'), (':', 'O'), ('حذف', 'O'), ('مجوز', 'O'), ('واردات', 'O'), ('خودرو', 'O'), ('از', 'O'), ('قانون', 'O'), ('بودجه', 'O'), ('۱۴۰۱', 'B-date'), ('سوال', 'O'), ('برانگیز', 'O'), ('است', 'O'), ('،', 'O'), ('ريیس', 'O'), ('کمیسیون', 'B-organization'), ('تلفیق', 'I-organization'), ('باید', 'O'), ('شفاف', 'O'), ('سازی', 'O'), ('کند', 'O'), ('.', 'O')]]"
 رئیس مجلس شورای اسلامی با تأکید بر اینکه مسئولان باید اتفاق حرم رضوی را به‌جد پیگیری و آن را ریشه‌یابی کنند، گفت: پیگیری جدی آغاز شده است و امیدوارم که با جدیت بیشتری پیش رود. ,"[[('[CLS]', 'O'), ('ريیس', 'O'), ('مجلس', 'B-organization'), ('شورای', 'I-organization'), ('اسلامی', 'I-organization'), ('با', 'O'), ('تاکید', 'O'), ('بر', 'O'), ('اینکه', 'O'), ('مسيولان', 'O'), ('باید', 'O'), ('اتفاق', 'O'), ('حرم', 'O'), ('رضوی', 'O'), ('را', 'O'), ('بهجد', 'O'), ('پیگیری', 'O'), ('و', 'O'), ('ان', 'O'), ('را', 'O'), ('ریشهیابی', 'O'), ('کنند', 'O'), ('،', 'O'), ('گفت', 'O'), (':', 'O'), ('پیگیری', 'O'), ('جدی', 'O'), ('اغاز', 'O'), ('شده', 'O'), ('است', 'O'), ('و', 'O'), ('امیدوارم', 'O'), ('که', 'O'), ('با', 'O'), ('جدیت', 'O'), ('بیشتری', 'O'), ('پیش', 'O'), ('رود', 'O'), ('.', 'O'), ('[SEP]', 'O')]]"
 رئیس جمهور، وزارت اطلاعات را مکلف کرد با همکاری همه نهادهای ذی‌صلاح به سرعت تمامی عوامل مؤثر حادثه روز گذشته مشهد را شناسایی و تحت تعقیب قرار داده و نتیجه را به اطلاع عموم مردم برسانند. ,"[[('[CLS]', 'O'), ('ريیس', 'O'), ('جمهور', 'O'), ('،', 'B-organization'), ('وزارت', 'I-organization'), ('اطلاعات', 'O'), ('را', 'O'), ('مکلف', 'O'), ('کرد', 'O'), ('با', 'O'), ('همکاری', 'O'), ('همه', 'O'), ('نهادهای', 'O'), ('ذیصلاح', 'O'), ('به', 'O'), ('سرعت', 'O'), ('تمامی', 'O'), ('عوامل', 'O'), ('موثر', 'O'), ('حادثه', 'O'), ('روز', 'O'), ('گذشته', 'B-location'), ('مشهد', 'O'), ('را', 'O'), ('شناسایی', 'O'), ('و', 'O'), ('تحت', 'O'), ('تعقیب', 'O'), ('قرار', 'O'), ('داده', 'O'), ('و', 'O'), ('نتیجه', 'O'), ('را', 'O'), ('به', 'O'), ('اطلاع', 'O'), ('عموم', 'O'), ('مردم', 'O'), ('برسانند', 'O'), ('.', 'O')]]"
 به‌رغم گذشت بیش از ۲۲ ماه از آغازبه‌کار مجلس شورای اسلامی یازدهم، طرح شفافیت آرای نمایندگان که تحقق آن به‌عنوان یکی از شعارهای اصلی نمایندگان این مجلس مطرح بود، همچنان بلاتکلیف باقی مانده است. ,"[[('[CLS]', 'O'), ('بهرغم', 'O'), ('گذشت', 'O'), ('بیش', 'O'), ('از', 'O'), ('۲۲', 'O'), ('ماه', 'O'), ('از', 'O'), ('اغاز', 'O'), ('##بهکار', 'O'), ('مجلس', 'B-organization'), ('شورای', 'I-organization'), ('اسلامی', 'I-organization'), ('یازدهم', 'I-organization'), ('،', 'O'), ('طرح', 'O'), ('شفافیت', 'O'), ('ارای', 'O'), ('نمایندگان', 'O'), ('که', 'O'), ('تحقق', 'O'), ('ان', 'O'), ('بهعنوان', 'O'), ('یکی', 'O'), ('از', 'O'), ('شعارهای', 'O'), ('اصلی', 'O'), ('نمایندگان', 'O'), ('این', 'O'), ('مجلس', 'O'), ('مطرح', 'O'), ('بود', 'O'), ('،', 'O'), ('همچنان', 'O'), ('بلاتکلیف', 'O'), ('باقی', 'O'), ('مانده', 'O'), ('است', 'O'), ('.', 'O')]]"
 رئیس کمیسیون ویژه جهش تولید مجلس شورای اسلامی از ارائه گزارش نظارتی کمیسیون متبوعش درباره عملکرد دستگاه‌ها و نهادهای مختلف درخصوص صدور مجوز کسب‌وکارها به صحن مجلس ظرف هفته آینده خبر داد. ,"[[('[CLS]', 'O'), ('ريیس', 'O'), ('کمیسیون', 'B-organization'), ('ویژه', 'I-organization'), ('جهش', 'I-organization'), ('تولید', 'I-organization'), ('مجلس', 'I-organization'), ('شورای', 'I-organization'), ('اسلامی', 'I-organization'), ('از', 'O'), ('ارايه', 'O'), ('گزارش', 'O'), ('نظارتی', 'O'), ('کمیسیون', 'O'), ('متبوعش', 'O'), ('درباره', 'O'), ('عملکرد', 'O'), ('دستگاهها', 'O'), ('و', 'O'), ('نهادهای', 'O'), ('مختلف', 'O'), ('درخصوص', 'O'), ('صدور', 'O'), ('مجوز', 'O'), ('کسبوکارها', 'O'), ('به', 'O'), ('صحن', 'O'), ('مجلس', 'O'), ('ظرف', 'O'), ('هفته', 'B-date'), ('اینده', 'I-date'), ('خبر', 'O'), ('داد', 'O'), ('.', 'O'), ('[SEP]', 'O')]]"
 دبیرکل عهدالله عراق گفت: دشمن با ایجاد تردید درصدد است تا جوانان محور مقاومت را از جمهوری اسلامی که ستون خیمه مقاومت است جدا کنند تا با کنار رفت این ستون، تمام محور مقاومت فرو بریزد. ,"[[('[CLS]', 'O'), ('دبیرکل', 'O'), ('عهد', 'B-organization'), ('##الله', 'I-organization'), ('عراق', 'I-organization'), ('گفت', 'O'), (':', 'O'), ('دشمن', 'O'), ('با', 'O'), ('ایجاد', 'O'), ('تردید', 'O'), ('درصدد', 'O'), ('است', 'O'), ('تا', 'O'), ('جوانان', 'O'), ('محور', 'O'), ('مقاومت', 'O'), ('را', 'O'), ('از', 'O'), ('جمهوری', 'B-organization'), ('اسلامی', 'I-organization'), ('که', 'O'), ('ستون', 'O'), ('خیمه', 'O'), ('مقاومت', 'O'), ('است', 'O'), ('جدا', 'O'), ('کنند', 'O'), ('تا', 'O'), ('با', 'O'), ('کنار', 'O'), ('رفت', 'O'), ('این', 'O'), ('ستون', 'O'), ('،', 'O'), ('تمام', 'O'), ('محور', 'O'), ('مقاومت', 'O'), ('فرو', 'O'), ('بریزد', 'O'), ('.', 'O'), ('[SEP]', 'O')]]"
 عضو کمیسیون امنیت‌ملی و سیاست‌خارجی مجلس از نشست اعضای این کمیسیون با وزیر امور خارجه درباره مذاکرات هسته‌ای وین خبر داد. ,"[[('[CLS]', 'O'), ('عضو', 'O'), ('کمیسیون', 'B-organization'), ('امنیتملی', 'I-organization'), ('و', 'I-organization'), ('سیاستخارجی', 'I-organization'), ('مجلس', 'I-organization'), ('از', 'O'), ('نشست', 'O'), ('اعضای', 'O'), ('این', 'O'), ('کمیسیون', 'O'), ('با', 'O'), ('وزیر', 'O'), ('امور', 'B-organization'), ('خارجه', 'I-organization'), ('درباره', 'O'), ('مذاکرات', 'O'), ('هستهای', 'O'), ('وین', 'B-location'), ('خبر', 'O'), ('داد', 'O'), ('.', 'O'), ('[SEP]', 'O')]]"
 خبرنگار تسنیم به جزییات بیشتری از هویت ضارب سه روحانی در حرم مطهر رضوی(ع) دست یافته است. ,"[[('[CLS]', 'O'), ('خبرنگار', 'O'), ('تسنیم', 'B-organization'), ('به', 'O'), ('جزییات', 'O'), ('بیشتری', 'O'), ('از', 'O'), ('هویت', 'O'), ('ضارب', 'O'), ('سه', 'O'), ('روحانی', 'O'), ('در', 'O'), ('حرم', 'B-location'), ('مطهر', 'O'), ('رضوی', 'I-location'), ('(', 'I-location'), ('ع', 'I-location'), (')', 'I-person'), ('دست', 'O'), ('یافته', 'O'), ('است', 'O'), ('.', 'O')]]"
 رئیس‌جمهور بر ضرورت کاهش سهم پرداختی بیمار از هزینه‌های درمان تأکید کرد و گفت: باید با تقویت پوشش‌های بیمه‌ای کاری کنیم که اگر فردی در خانواده‌ای بیمار شد، آن خانواده فقط دغدغه بیمار خود را داشته باشد و نگران هزینه‌‌ها نباشد. ,"[[('[CLS]', 'O'), ('ريیسجمهور', 'O'), ('بر', 'O'), ('ضرورت', 'O'), ('کاهش', 'O'), ('سهم', 'O'), ('پرداختی', 'O'), ('بیمار', 'O'), ('از', 'O'), ('هزینههای', 'O'), ('درمان', 'O'), ('تاکید', 'O'), ('کرد', 'O'), ('و', 'O'), ('گفت', 'O'), (':', 'O'), ('باید', 'O'), ('با', 'O'), ('تقویت', 'O'), ('پوششهای', 'O'), ('بیمهای', 'O'), ('کاری', 'O'), ('کنیم', 'O'), ('که', 'O'), ('اگر', 'O'), ('فردی', 'O'), ('در', 'O'), ('خانوادهای', 'O'), ('بیمار', 'O'), ('شد', 'O'), ('،', 'O'), ('ان', 'O'), ('خانواده', 'O'), ('فقط', 'O'), ('دغدغه', 'O'), ('بیمار', 'O'), ('خود', 'O'), ('را', 'O'), ('داشته', 'O'), ('باشد', 'O'), ('و', 'O'), ('نگران', 'O'), ('هزینهها', 'O'), ('نباشد', 'O'), ('.', 'O'), ('[SEP]', 'O')]]"
 اعضای کمیسیون اجتماعی مجلس، به منظور جلب نظر شورای نگهبان هفته آتی به رفع ایرادات طرح تغییر ساعت رسمی کشور می‌پردازند. ,"[[('[CLS]', 'O'), ('اعضای', 'O'), ('کمیسیون', 'B-organization'), ('اجتماعی', 'I-organization'), ('مجلس', 'I-organization'), ('،', 'O'), ('به', 'O'), ('منظور', 'O'), ('جلب', 'O'), ('نظر', 'O'), ('شورای', 'B-organization'), ('نگهبان', 'I-organization'), ('هفته', 'B-date'), ('اتی', 'O'), ('به', 'O'), ('رفع', 'O'), ('ایرادات', 'O'), ('طرح', 'O'), ('تغییر', 'O'), ('ساعت', 'O'), ('رسمی', 'O'), ('کشور', 'O'), ('میپردازند', 'O'), ('.', 'O'), ('[SEP]', 'O')]]"
 سخنگوی ارتش جمهوری اسلامی ایران از برگزاری مراسم رژه روز ۲۹ فروردین به صورت خودرویی و با پرواز جنگنده‌های ایرانی بر فراز آسمان تهران خبر داد. ,"[[('[CLS]', 'O'), ('سخنگوی', 'O'), ('ارتش', 'B-organization'), ('جمهوری', 'I-organization'), ('اسلامی', 'I-organization'), ('ایران', 'I-organization'), ('از', 'O'), ('برگزاری', 'O'), ('مراسم', 'O'), ('رژه', 'O'), ('روز', 'B-date'), ('۲۹', 'I-date'), ('فروردین', 'I-date'), ('به', 'O'), ('صورت', 'O'), ('خودرویی', 'O'), ('و', 'O'), ('با', 'O'), ('پرواز', 'O'), ('جنگندههای', 'O'), ('ایرانی', 'O'), ('بر', 'O'), ('فراز', 'O'), ('اسمان', 'O'), ('تهران', 'B-location'), ('خبر', 'O'), ('داد', 'O'), ('.', 'O'), ('[SEP]', 'O')]]"
 رسیدگی به گزارش کمیسیون آئین نامه داخلی مجلس درباره طرح شفافیت آرای نمایندگان و طرح ساماندهی کارکنان دولت در دستور کار هفته جاری جلسه علنی مجلس شورای اسلامی قرار دارد. ,"[[('[CLS]', 'O'), ('رسیدگی', 'O'), ('به', 'O'), ('گزارش', 'O'), ('کمیسیون', 'B-organization'), ('ايین', 'I-organization'), ('نامه', 'I-organization'), ('داخلی', 'I-organization'), ('مجلس', 'I-organization'), ('درباره', 'O'), ('طرح', 'O'), ('شفافیت', 'O'), ('ارای', 'O'), ('نمایندگان', 'O'), ('و', 'O'), ('طرح', 'O'), ('ساماندهی', 'O'), ('کارکنان', 'O'), ('دولت', 'O'), ('در', 'O'), ('دستور', 'O'), ('کار', 'O'), ('هفته', 'B-date'), ('جاری', 'I-date'), ('جلسه', 'O'), ('علنی', 'O'), ('مجلس', 'B-organization'), ('شورای', 'I-organization'), ('اسلامی', 'I-organization'), ('قرار', 'O'), ('دارد', 'O'), ('.', 'O'), ('[SEP]', 'O')]]"
 بررسی پیامدهای حذف ارز ترجیحی دارو و تجهیزات پزشکی و راهکارهای کاهش هزینه پرداختی از جیب مردم در دستور کار کمیسیون‌های تخصصی مجلس شورای اسلامی در هفته جاری قرار دارد. ,"[[('[CLS]', 'O'), ('بررسی', 'O'), ('پیامدهای', 'O'), ('حذف', 'O'), ('ارز', 'O'), ('ترجیحی', 'O'), ('دارو', 'O'), ('و', 'O'), ('تجهیزات', 'O'), ('پزشکی', 'O'), ('و', 'O'), ('راهکارهای', 'O'), ('کاهش', 'O'), ('هزینه', 'O'), ('پرداختی', 'O'), ('از', 'O'), ('جیب', 'O'), ('مردم', 'O'), ('در', 'O'), ('دستور', 'O'), ('کار', 'O'), ('کمیسیونهای', 'O'), ('تخصصی', 'O'), ('مجلس', 'B-organization'), ('شورای', 'I-organization'), ('اسلامی', 'I-organization'), ('در', 'O'), ('هفته', 'B-date'), ('جاری', 'I-date'), ('قرار', 'O'), ('دارد', 'O'), ('.', 'O'), ('[SEP]', 'O')]]"
 رئیس کمیسیون صنایع مجلس از تشکیل کاگروهی مشترکی در مجلس برای بررسی طرح الزام دولت به فعالسازی دیپلماسی اقتصادی ، خبر داد. ,"[[('[CLS]', 'O'), ('ريیس', 'O'), ('کمیسیون', 'B-organization'), ('صنایع', 'I-organization'), ('مجلس', 'I-organization'), ('از', 'O'), ('تشکیل', 'O'), ('کاگ', 'O'), ('##روه', 'O'), ('##ی', 'O'), ('مشترکی', 'O'), ('در', 'O'), ('مجلس', 'O'), ('برای', 'O'), ('بررسی', 'O'), ('طرح', 'O'), ('الزام', 'O'), ('دولت', 'O'), ('به', 'O'), ('فعالسازی', 'O'), ('دیپلماسی', 'O'), ('اقتصادی', 'O'), ('،', 'O'), ('خبر', 'O'), ('داد', 'O'), ('.', 'O'), ('[SEP]', 'O')]]"
 عضو کمیسیون امنیت‌ملی و سیاست‌خارجی مجلس گفت:مذاکرات وین به دلیل رفتاری که آمریکا در لغو تحریم‌ها داشته به کندی پیش می‌رود. ,"[[('[CLS]', 'O'), ('عضو', 'O'), ('کمیسیون', 'B-organization'), ('امنیتملی', 'I-organization'), ('و', 'I-organization'), ('سیاستخارجی', 'I-organization'), ('مجلس', 'I-organization'), ('گفت', 'O'), (':', 'O'), ('مذاکرات', 'O'), ('وین', 'B-location'), ('به', 'O'), ('دلیل', 'O'), ('رفتاری', 'O'), ('که', 'O'), ('امریکا', 'B-location'), ('در', 'O'), ('لغو', 'O'), ('تحریمها', 'O'), ('داشته', 'O'), ('به', 'O'), ('کندی', 'O'), ('پیش', 'O'), ('میرود', 'O'), ('.', 'O'), ('[SEP]', 'O')]]"
 حضرت آیت‌الله خامنه‌ای در حکمی حجت‌الاسلام سیدسعید حسینی را به امامت جمعه و نمایندگی ولی فقیه در کاشان منصوب کردند. ,"[[('[CLS]', 'O'), ('حضرت', 'O'), ('ایتالله', 'O'), ('خامنهای', 'B-person'), ('در', 'O'), ('حکمی', 'O'), ('حجتالاسلام', 'O'), ('سیدسعید', 'B-person'), ('حسینی', 'I-person'), ('را', 'O'), ('به', 'O'), ('امامت', 'O'), ('جمعه', 'O'), ('و', 'O'), ('نمایندگی', 'O'), ('ولی', 'O'), ('فقیه', 'O'), ('در', 'B-location'), ('کاشان', 'O'), ('منصوب', 'O'), ('کردند', 'O'), ('.', 'O')]]"
 در دومین روز از رزمایش مرکب دریایی آیونز(آیمکس ۲۰۲۲)، یگان‌های شرکت کننده، عملیات امداد و کمک پزشکی و نجات فرد مضطر در دریا(آدم به دریا) را تمرین کردند. ,"[[('[CLS]', 'O'), ('در', 'O'), ('دومین', 'O'), ('روز', 'O'), ('از', 'O'), ('رزمایش', 'O'), ('مرکب', 'O'), ('دریایی', 'O'), ('ایون', 'O'), ('##ز', 'O'), ('(', 'O'), ('ایمکس', 'B-date'), ('۲۰۲۲', 'B-date'), (')', 'O'), ('،', 'O'), ('یگانهای', 'O'), ('شرکت', 'O'), ('کننده', 'O'), ('،', 'O'), ('عملیات', 'O'), ('امداد', 'O'), ('و', 'O'), ('کمک', 'O'), ('پزشکی', 'O'), ('و', 'O'), ('نجات', 'O'), ('فرد', 'O'), ('مضطر', 'O'), ('در', 'O'), ('دریا', 'O'), ('(', 'O'), ('ادم', 'O'), ('به', 'O'), ('دریا', 'O'), (')', 'O'), ('را', 'O'), ('تمرین', 'O'), ('کردند', 'O'), ('.', 'O')]]"
 کارشناس مسائل بین المللی نوشت: در بحبوحه مذاکرات و درست در زمانی که واشنگتن و تروییکای اروپایی تصمیم نهایی و لازم خود جهت رفع عملیاتی تحریم‌های کشورمان را اتخاذ نکرده‌اند، بار دیگر شاهد طرح دروغ‌های هدفمند و ساده‌سازی موضوعات مهم توسط غرب هستیم. ,"[[('[CLS]', 'O'), ('کارشناس', 'O'), ('مسايل', 'O'), ('بین', 'O'), ('المللی', 'O'), ('نوشت', 'O'), (':', 'O'), ('در', 'O'), ('بحبوحه', 'O'), ('مذاکرات', 'O'), ('و', 'O'), ('درست', 'O'), ('در', 'O'), ('زمانی', 'O'), ('که', 'B-location'), ('واشنگتن', 'O'), ('و', 'B-organization'), ('تروی', 'I-organization'), ('##یک', 'O'), ('##ای', 'O'), ('اروپایی', 'O'), ('تصمیم', 'O'), ('نهایی', 'O'), ('و', 'O'), ('لازم', 'O'), ('خود', 'O'), ('جهت', 'O'), ('رفع', 'O'), ('عملیاتی', 'O'), ('تحریمهای', 'O'), ('کشورمان', 'O'), ('را', 'O'), ('اتخاذ', 'O'), ('نکردهاند', 'O'), ('،', 'O'), ('بار', 'O'), ('دیگر', 'O'), ('شاهد', 'O'), ('طرح', 'O'), ('دروغهای', 'O'), ('هدفمند', 'O'), ('و', 'O'), ('سادهسازی', 'O'), ('موضوعات', 'O'), ('مهم', 'O'), ('توسط', 'O'), ('غرب', 'O'), ('هستیم', 'O'), ('.', 'O')]]"
 رهبر انقلاب عصر دیروز جمعه، بعد از تماشای فیلم موقعیت مهدی، از این اثر سینمایی تقدیر کردند. ,"[[('[CLS]', 'O'), ('رهبر', 'O'), ('انقلاب', 'O'), ('عصر', 'O'), ('دیروز', 'O'), ('جمعه', 'O'), ('،', 'O'), ('بعد', 'O'), ('از', 'O'), ('تماشای', 'O'), ('فیلم', 'O'), ('موقعیت', 'B-product'), ('مهدی', 'I-product'), ('،', 'O'), ('از', 'O'), ('این', 'O'), ('اثر', 'O'), ('سینمایی', 'O'), ('تقدیر', 'O'), ('کردند', 'O'), ('.', 'O'), ('[SEP]', 'O')]]"
 مهدی جمشیدی در یادداشتی نوشت: «نبرد روایت‌ها»، جدّی و تعیین‌کننده است و از این جهت است که رهبر انقلاب، بزرگ‌ترین جهاد را «جهاد تبیین» دانسته و این به آن معنی است از این منطقه، آسیب‌پذیریم و چنانچه اهمال بورزیم، بدنۀ اجتماعیِ انقلاب را از دست می‌دهیم. ,"[[('[CLS]', 'O'), ('مهدی', 'B-person'), ('جمشیدی', 'I-person'), ('در', 'O'), ('یادداشتی', 'O'), ('نوشت', 'O'), (':', 'O'), ('[UNK]', 'O'), ('نبرد', 'O'), ('روایتها', 'O'), ('[UNK]', 'O'), ('،', 'O'), ('جدی', 'O'), ('و', 'O'), ('تعیینکننده', 'O'), ('است', 'O'), ('و', 'O'), ('از', 'O'), ('این', 'O'), ('جهت', 'O'), ('است', 'O'), ('که', 'O'), ('رهبر', 'O'), ('انقلاب', 'O'), ('،', 'O'), ('بزرگترین', 'O'), ('جهاد', 'O'), ('را', 'O'), ('[UNK]', 'O'), ('جهاد', 'O'), ('تبیین', 'O'), ('[UNK]', 'O'), ('دانسته', 'O'), ('و', 'O'), ('این', 'O'), ('به', 'O'), ('ان', 'O'), ('معنی', 'O'), ('است', 'O'), ('از', 'O'), ('این', 'O'), ('منطقه', 'O'), ('،', 'O'), ('اسیبپذیری', 'O'), ('##م', 'O'), ('و', 'O'), ('چنانچه', 'O'), ('اهمال', 'O'), ('بورزیم', 'O'), ('،', 'O'), ('بدن', 'O'), ('##ە', 'O'), ('اجتماعی', 'O'), ('انقلاب', 'O'), ('را', 'O'), ('از', 'O'), ('دست', 'O'), ('میدهیم', 'O'), ('.', 'O'), ('[SEP]', 'O')]]"
 سخنگوی دولت گفت: براساس مصوبه چهارشنبه هفته گذشته هیات وزیران، ساعت کاری کارمندان در ماه مبارک رمضان یک ساعت کاهش می‌یابد. ,"[[('[CLS]', 'O'), ('سخنگوی', 'O'), ('دولت', 'O'), ('گفت', 'O'), (':', 'O'), ('براساس', 'O'), ('مصوبه', 'O'), ('چهارشنبه', 'O'), ('هفته', 'O'), ('گذشته', 'O'), ('هیات', 'O'), ('وزیران', 'O'), ('،', 'O'), ('ساعت', 'O'), ('کاری', 'O'), ('کارمندان', 'O'), ('در', 'O'), ('ماه', 'O'), ('مبارک', 'O'), ('رمضان', 'O'), ('یک', 'O'), ('ساعت', 'O'), ('کاهش', 'O'), ('مییابد', 'O'), ('.', 'O'), ('[SEP]', 'O')]]"
 رئیس مجلس به کمیسیون امور داخلی مجلس برای رسیدگی به اتفاقات بازی فوتبال ایران و لبنان، ماموریت داد. ,"[[('[CLS]', 'O'), ('ريیس', 'O'), ('مجلس', 'O'), ('به', 'O'), ('کمیسیون', 'B-organization'), ('امور', 'I-organization'), ('داخلی', 'I-organization'), ('مجلس', 'I-organization'), ('برای', 'O'), ('رسیدگی', 'O'), ('به', 'O'), ('اتفاقات', 'O'), ('بازی', 'O'), ('فوتبال', 'O'), ('ایران', 'B-location'), ('و', 'O'), ('لبنان', 'B-location'), ('،', 'O'), ('ماموریت', 'O'), ('داد', 'O'), ('.', 'O'), ('[SEP]', 'O')]]"
 ستاد کل نیروهای مسلح در بیانیه‌ای با تبریک یوم‌الله ۱۲ فروردین «روز جمهوری اسلامی ایران» به ملت شریف و بصیر ایران اسلامی، بر لزوم سیاستگذاری دستگاه های لشکری و کشوری در مقابله همه جانبه با توطئه های دشمنان تاکید کرد. ,"[[('[CLS]', 'O'), ('ستاد', 'B-organization'), ('کل', 'I-organization'), ('نیروهای', 'I-organization'), ('مسلح', 'I-organization'), ('در', 'O'), ('بیانیهای', 'O'), ('با', 'O'), ('تبریک', 'O'), ('یومالله', 'B-event'), ('۱۲', 'I-event'), ('فروردین', 'I-event'), ('[UNK]', 'O'), ('روز', 'B-event'), ('جمهوری', 'I-event'), ('اسلامی', 'I-event'), ('ایران', 'I-event'), ('[UNK]', 'O'), ('به', 'O'), ('ملت', 'O'), ('شریف', 'O'), ('و', 'O'), ('بصیر', 'O'), ('ایران', 'B-location'), ('اسلامی', 'O'), ('،', 'O'), ('بر', 'O'), ('لزوم', 'O'), ('سیاستگذاری', 'O'), ('دستگاه', 'O'), ('های', 'O'), ('لشکری', 'O'), ('و', 'O'), ('کشوری', 'O'), ('در', 'O'), ('مقابله', 'O'), ('همه', 'O'), ('جانبه', 'O'), ('با', 'O'), ('توطيه', 'O'), ('های', 'O'), ('دشمنان', 'O'), ('تاکید', 'O')]]"
 شورای نگهبان اعلام کرد: مردم ایران در روز ۱۲ فروردین با حضور آگاهانه و متعهدانه نظام مقدس جمهوری اسلامی را برای اداره کشور برگزیده و نظام سیاسی ایران را براساس دین مبین اسلام بنا نهادند. ,"[[('[CLS]', 'O'), ('شورای', 'B-organization'), ('نگهبان', 'I-organization'), ('اعلام', 'O'), ('کرد', 'O'), (':', 'O'), ('مردم', 'O'), ('ایران', 'B-location'), ('در', 'O'), ('روز', 'B-date'), ('۱۲', 'I-date'), ('فروردین', 'I-date'), ('با', 'O'), ('حضور', 'O'), ('اگاهانه', 'O'), ('و', 'O'), ('متعهدانه', 'O'), ('نظام', 'O'), ('مقدس', 'O'), ('جمهوری', 'I-organization'), ('اسلامی', 'I-organization'), ('را', 'O'), ('برای', 'O'), ('اداره', 'O'), ('کشور', 'O'), ('برگزیده', 'O'), ('و', 'O'), ('نظام', 'O'), ('سیاسی', 'O'), ('ایران', 'B-location'), ('را', 'O'), ('براساس', 'O'), ('دین', 'O'), ('مبین', 'O'), ('اسلام', 'O'), ('بنا', 'O'), ('نهادند', 'O'), ('.', 'O'), ('[SEP]', 'O')]]"
 فرمانده‌کل سپاه پاسداران انقلاب اسلامی گفت: حضور صهیونیستها در این مناطق قابل تحمل نیست و لازم است برخی کشورها در این مشی سیاسی خود تجدید نظر کنند. ,"[[('[CLS]', 'O'), ('فرماندهکل', 'O'), ('سپاه', 'B-organization'), ('پاسداران', 'I-organization'), ('انقلاب', 'I-organization'), ('اسلامی', 'I-organization'), ('گفت', 'O'), (':', 'O'), ('حضور', 'O'), ('صهیونیستها', 'B-organization'), ('در', 'O'), ('این', 'O'), ('مناطق', 'O'), ('قابل', 'O'), ('تحمل', 'O'), ('نیست', 'O'), ('و', 'O'), ('لازم', 'O'), ('است', 'O'), ('برخی', 'O'), ('کشورها', 'O'), ('در', 'O'), ('این', 'O'), ('مشی', 'O'), ('سیاسی', 'O'), ('خود', 'O'), ('تجدید', 'O'), ('نظر', 'O'), ('کنند', 'O'), ('.', 'O')]]"
 امام جمعه موقت تهران گفت: پیام روشنی که باید از ۱۲ فروردین بگیریم آن است که در قرن ۱۵ باید تمدن نوین و بزرگ اسلامی توسط دولت انقلابی و اسلامی را شکل دهیم و همین مسیر پیشِ‌روی ملت قرار دارد. ,"[[('[CLS]', 'O'), ('امام', 'O'), ('جمعه', 'O'), ('موقت', 'O'), ('تهران', 'B-location'), ('گفت', 'O'), (':', 'O'), ('پیام', 'O'), ('روشنی', 'O'), ('که', 'O'), ('باید', 'O'), ('از', 'O'), ('۱۲', 'O'), ('فروردین', 'I-date'), ('بگیریم', 'O'), ('ان', 'O'), ('است', 'O'), ('که', 'O'), ('در', 'O'), ('قرن', 'B-date'), ('۱۵', 'I-date'), ('باید', 'O'), ('تمدن', 'O'), ('نوین', 'O'), ('و', 'O'), ('بزرگ', 'O'), ('اسلامی', 'O'), ('توسط', 'O'), ('دولت', 'O'), ('انقلابی', 'O'), ('و', 'O'), ('اسلامی', 'O'), ('را', 'O'), ('شکل', 'O'), ('دهیم', 'O'), ('و', 'O'), ('همین', 'O'), ('مسیر', 'O'), ('پیشروی', 'O'), ('ملت', 'O'), ('قرار', 'O'), ('دارد', 'O'), ('.', 'O'), ('[SEP]', 'O')]]"
" کمتر از دو ماه پس از پیروزی انقلاب اسلامی، مردم ایران در یک همه‌پرسی نظام سیاسی آینده ایران را برگزیدند و به ""جمهوری اسلامی"" رأی دادند. تعدادی از بازماندگان رژیم پهلوی و برخی گروه‌ها که بعدها در برابر نظام ایستادند نیز به جمهوری اسلامی رأی دادند. ","[[('[CLS]', 'O'), ('کمتر', 'O'), ('از', 'O'), ('دو', 'O'), ('ماه', 'O'), ('پس', 'O'), ('از', 'O'), ('پیروزی', 'O'), ('انقلاب', 'O'), ('اسلامی', 'O'), ('،', 'O'), ('مردم', 'O'), ('ایران', 'B-location'), ('در', 'O'), ('یک', 'O'), ('همهپرسی', 'O'), ('نظام', 'O'), ('سیاسی', 'O'), ('اینده', 'O'), ('ایران', 'B-organization'), ('را', 'O'), ('برگزیدند', 'O'), ('و', 'O'), ('به', 'O'), ('""', 'O'), ('جمهوری', 'B-organization'), ('اسلامی', 'I-organization'), ('""', 'O'), ('رای', 'O'), ('دادند', 'O'), ('.', 'O'), ('تعدادی', 'O'), ('از', 'O'), ('بازماندگان', 'O'), ('رژیم', 'B-organization'), ('پهلوی', 'I-organization'), ('و', 'O'), ('برخی', 'O'), ('گروهها', 'O'), ('که', 'O'), ('بعدها', 'O'), ('در', 'O'), ('برابر', 'O'), ('نظام', 'O'), ('ایستادند', 'O'), ('نیز', 'O'), ('به', 'O'), ('جمهوری', 'O'), ('اسلامی', 'O'), ('رای', 'O'), ('دادند', 'O'), ('.', 'O'), ('[SEP]', 'O')]]"
 معاون امنیتی انتظامی وزیر کشور روند امنیت مرزهای شرقی ایران را مثبت و رو به پیشرفت دانست و گفت: برخلاف برخی دسیسه‌های دشمنان در ناامن جلوه دادن مرزها، هیچ تغییر وضعیت امنیتی در مناطق شرقی وجود ندارد. ,"[[('[CLS]', 'O'), ('معاون', 'O'), ('امنیتی', 'O'), ('انتظامی', 'O'), ('وزیر', 'O'), ('کشور', 'B-organization'), ('روند', 'O'), ('امنیت', 'O'), ('مرزهای', 'O'), ('شرقی', 'O'), ('ایران', 'B-location'), ('را', 'O'), ('مثبت', 'O'), ('و', 'O'), ('رو', 'O'), ('به', 'O'), ('پیشرفت', 'O'), ('دانست', 'O'), ('و', 'O'), ('گفت', 'O'), (':', 'O'), ('برخلاف', 'O'), ('برخی', 'O'), ('دسیسههای', 'O'), ('دشمنان', 'O'), ('در', 'O'), ('ناامن', 'O'), ('جلوه', 'O'), ('دادن', 'O'), ('مرزها', 'O'), ('،', 'O'), ('هیچ', 'O'), ('تغییر', 'O'), ('وضعیت', 'O'), ('امنیتی', 'O'), ('در', 'O'), ('مناطق', 'O'), ('شرقی', 'O'), ('وجود', 'O'), ('ندارد', 'O'), ('.', 'O'), ('[SEP]', 'O')]]"
 جمعی از دفاتر بسیج دانشجویی دانشکده های کشاورزی در نامه ای تاکید کردند: جامعه اکادمیک در عرصه کشاورزی نتوانسته در راستای رسالت اصلی خودش قدم بردارد. ,"[[('[CLS]', 'O'), ('جمعی', 'O'), ('از', 'O'), ('دفاتر', 'O'), ('بسیج', 'B-organization'), ('دانشجویی', 'I-organization'), ('دانشکده', 'I-organization'), ('های', 'O'), ('کشاورزی', 'O'), ('در', 'O'), ('نامه', 'O'), ('ای', 'O'), ('تاکید', 'O'), ('کردند', 'O'), (':', 'O'), ('جامعه', 'O'), ('اکادمیک', 'O'), ('در', 'O'), ('عرصه', 'O'), ('کشاورزی', 'O'), ('نتوانسته', 'O'), ('در', 'O'), ('راستای', 'O'), ('رسالت', 'O'), ('اصلی', 'O'), ('خودش', 'O'), ('قدم', 'O'), ('بردارد', 'O')]]"
" شماره جدید هفته نامه‌ی ""خط حزب‌الله"" با عنوان ""بهار فرصت‌ها در رمضان"" در آستانه ماه رمضان منتشر شد. ","[[('[CLS]', 'O'), ('شماره', 'O'), ('جدید', 'O'), ('هفته', 'O'), ('نامهی', 'I-organization'), ('""', 'O'), ('خط', 'O'), ('حزبالله', 'I-organization'), ('""', 'O'), ('با', 'O'), ('عنوان', 'O'), ('""', 'O'), ('بهار', 'O'), ('فرصتها', 'O'), ('در', 'O'), ('رمضان', 'O'), ('""', 'O'), ('در', 'O'), ('استانه', 'O'), ('ماه', 'O'), ('رمضان', 'O'), ('منتشر', 'O'), ('شد', 'O'), ('.', 'O'), ('[SEP]', 'O')]]"
 محفل انس با قرآن کریم در حضور رهبر انقلاب در اولین روز ماه مبارک رمضان برگزار خواهد شد. ,"[[('[CLS]', 'O'), ('محفل', 'O'), ('انس', 'O'), ('با', 'O'), ('قران', 'O'), ('کریم', 'O'), ('در', 'O'), ('حضور', 'O'), ('رهبر', 'O'), ('انقلاب', 'O'), ('در', 'O'), ('اولین', 'O'), ('روز', 'O'), ('ماه', 'O'), ('مبارک', 'O'), ('رمضان', 'O'), ('برگزار', 'O'), ('خواهد', 'O'), ('شد', 'O'), ('.', 'O'), ('[SEP]', 'O')]]"
 ساعت و روزهای برگزاری جلسات علنی مجلس در هفته اول کاری قوه مقننه تغییر کرد. ,"[[('[CLS]', 'O'), ('ساعت', 'O'), ('و', 'O'), ('روزهای', 'O'), ('برگزاری', 'O'), ('جلسات', 'O'), ('علنی', 'O'), ('مجلس', 'O'), ('در', 'O'), ('هفته', 'O'), ('اول', 'O'), ('کاری', 'O'), ('قوه', 'B-organization'), ('مقننه', 'I-organization'), ('تغییر', 'O'), ('کرد', 'O'), ('.', 'O'), ('[SEP]', 'O')]]"
 نائب رئیس کمیسیون اصل ۹۰ مجلس گفت: در سال جاری در کمیسیون متبوعش به شکایات از روند صدور مجوزها به صورت ویژه رسیدگی خواهد شد. ,"[[('[CLS]', 'O'), ('نايب', 'O'), ('ريیس', 'O'), ('کمیسیون', 'B-organization'), ('اصل', 'I-organization'), ('۹۰', 'I-organization'), ('مجلس', 'I-organization'), ('گفت', 'O'), (':', 'O'), ('در', 'O'), ('سال', 'B-date'), ('جاری', 'I-date'), ('در', 'O'), ('کمیسیون', 'O'), ('متبوعش', 'O'), ('به', 'O'), ('شکایات', 'O'), ('از', 'O'), ('روند', 'O'), ('صدور', 'O'), ('مجوزها', 'O'), ('به', 'O'), ('صورت', 'O'), ('ویژه', 'O'), ('رسیدگی', 'O'), ('خواهد', 'O'), ('شد', 'O'), ('.', 'O'), ('[SEP]', 'O')]]"
 رئیس ﺟﻤﻬﻮر در ﭘﯿﺎم‌ﻫﺎی ﺟﺪاﮔﺎﻧﻪ‌ای حلول ماه مبارک رمضان را به سران کشورهای اسلامی تبریک گفت. ,"[[('[CLS]', 'O'), ('ريیس', 'O'), ('[UNK]', 'O'), ('در', 'O'), ('[UNK]', 'O'), ('[UNK]', 'O'), ('حلول', 'O'), ('ماه', 'O'), ('مبارک', 'O'), ('رمضان', 'O'), ('را', 'O'), ('به', 'O'), ('سران', 'O'), ('کشورهای', 'O'), ('اسلامی', 'O'), ('تبریک', 'O'), ('گفت', 'O'), ('.', 'O')]]"
 رئیس دانشگاه آزاد اسلامی گفت: تزریق دوز سوم واکسن کرونا برای بهره‌مندی از امکانات و خدمات خوابگاه‌های دانشجویی دانشگاه آزاد اسلامی الزامی است. ,"[[('[CLS]', 'O'), ('ريیس', 'O'), ('دانشگاه', 'B-organization'), ('ازاد', 'I-organization'), ('اسلامی', 'I-organization'), ('گفت', 'O'), (':', 'O'), ('تزریق', 'O'), ('دوز', 'O'), ('سوم', 'O'), ('واکسن', 'O'), ('کرونا', 'O'), ('برای', 'O'), ('بهرهمندی', 'O'), ('از', 'O'), ('امکانات', 'O'), ('و', 'O'), ('خدمات', 'O'), ('خوابگاههای', 'O'), ('دانشجویی', 'O'), ('دانشگاه', 'B-organization'), ('ازاد', 'I-organization'), ('اسلامی', 'I-organization'), ('الزامی', 'O'), ('است', 'O'), ('.', 'O'), ('[SEP]', 'O')]]"
